category,new_path,imagekit_url,used_in
agent-avatar,ui/agent/avatar-a.webp,https://ik.imagekit.io/5rkqceora/New%20Folder/avt0.dd0fe52d%20(1,src/data/agent.ts:70
agent-avatar,ui/agent/avatar-b.webp,https://ik.imagekit.io/5rkqceora/New%20Folder/avt2.9b11cc3a%20(2,src/data/agent.ts:71
agent-avatar,ui/agent/avatar-c.webp,https://ik.imagekit.io/5rkqceora/New%20Folder/avt4.e51f6a6a%20(1,src/data/agent.ts:72
agent-avatar,ui/agent/avatar-n.webp,https://ik.imagekit.io/5rkqceora/New%20Folder/avt3.4dd4d61a%20(1,src/data/agent.ts:73
agent,ui/agent/wallet-promo-banner.webp,https://ik.imagekit.io/5rkqceora/New%20Folder/IMG_20260721_030125.png?tr=f-auto,src/components/agent/WalletTab.tsx:185
app,ui/app/launcher-icon.webp,https://ik.imagekit.io/5rkqceora/New%20Folder/ic_launcher.png?tr=f-auto,src/lib/appDownload.ts:20
avatar,ui/avatar/1.webp,https://ik.imagekit.io/rbok01qam/Avatar%20Img/b8a2f5c9-7574-412c-a057-172ac9d1e640.png?tr=f-auto,src/pages/ProfilePage.tsx:53
avatar,ui/avatar/10.webp,https://ik.imagekit.io/rbok01qam/Avatar%20Img/8cfcd2fe-a061-4b39-9103-8a099e58c600.png?tr=f-auto,src/pages/ProfilePage.tsx:62
avatar,ui/avatar/11.webp,https://ik.imagekit.io/rbok01qam/Avatar%20Img/87578a69-c7e6-4b5b-945a-a953c0edb828.png?tr=f-auto,src/pages/ProfilePage.tsx:63
avatar,ui/avatar/12.webp,https://ik.imagekit.io/rbok01qam/Avatar%20Img/864813bd-fd7f-44b1-88f1-97333e077044.png?tr=f-auto,src/pages/ProfilePage.tsx:64
avatar,ui/avatar/13.webp,https://ik.imagekit.io/rbok01qam/Avatar%20Img/050c9fd3-5a54-42ed-a13c-58a75a9b1930.png?tr=f-auto,src/pages/ProfilePage.tsx:67
avatar,ui/avatar/14.webp,https://ik.imagekit.io/rbok01qam/Avatar%20Img/2b6e926e-a975-4bd9-b8ed-b51aa89c7ceb.png?tr=f-auto,src/pages/ProfilePage.tsx:68
avatar,ui/avatar/15.webp,https://ik.imagekit.io/rbok01qam/Avatar%20Img/673e14f6-1664-420f-9ccf-e939e4a47902.png?tr=f-auto,src/pages/ProfilePage.tsx:69
avatar,ui/avatar/16.webp,https://ik.imagekit.io/rbok01qam/Avatar%20Img/183c069c-e24c-4d4a-9398-fb7100fd43d0.png?tr=f-auto,src/pages/ProfilePage.tsx:70
avatar,ui/avatar/17.webp,https://ik.imagekit.io/rbok01qam/Avatar%20Img/e895fe09-fe1d-4710-a36e-74dde41f8d93.png?tr=f-auto,src/pages/ProfilePage.tsx:71
avatar,ui/avatar/18.webp,https://ik.imagekit.io/rbok01qam/Avatar%20Img/52af147f-fabc-4928-b59d-7dc09968d14f.png?tr=f-auto,src/pages/ProfilePage.tsx:72
avatar,ui/avatar/19.webp,https://ik.imagekit.io/rbok01qam/Avatar%20Img/a43d09ea-c655-4902-b54c-4da5b4b5ee5e.png?tr=f-auto,src/pages/ProfilePage.tsx:73
avatar,ui/avatar/2.webp,https://ik.imagekit.io/rbok01qam/Avatar%20Img/baff936b-edd2-46e9-b395-d691af92aca5.png?tr=f-auto,src/pages/ProfilePage.tsx:54
avatar,ui/avatar/20.webp,https://ik.imagekit.io/rbok01qam/Avatar%20Img/75c9c94d-2e5f-465c-903f-d4bf301901c6.png?tr=f-auto,src/pages/ProfilePage.tsx:74
avatar,ui/avatar/21.webp,https://ik.imagekit.io/rbok01qam/Avatar%20Img/2cac91b9-b64a-4462-bf55-46938bec2698.png?tr=f-auto,src/pages/ProfilePage.tsx:75
avatar,ui/avatar/22.webp,https://ik.imagekit.io/rbok01qam/Avatar%20Img/452eaaf7-f333-483b-bc50-8977b1e5eaaa.png?tr=f-auto,src/pages/ProfilePage.tsx:76
avatar,ui/avatar/23.webp,https://ik.imagekit.io/rbok01qam/Avatar%20Img/b348ae8a-2302-45c1-88a0-371d1157dad6.png?tr=f-auto,src/pages/ProfilePage.tsx:77
avatar,ui/avatar/24.webp,https://ik.imagekit.io/rbok01qam/Avatar%20Img/e80ce256-fc16-411f-b2aa-fce93572151b.png?tr=f-auto,src/pages/ProfilePage.tsx:78
avatar,ui/avatar/3.webp,https://ik.imagekit.io/rbok01qam/Avatar%20Img/3171b481-26a1-4503-aa19-63acc6c89618.png?tr=f-auto,src/pages/ProfilePage.tsx:55
avatar,ui/avatar/4.webp,https://ik.imagekit.io/rbok01qam/Avatar%20Img/665389a4-01d5-4b70-a451-355244a2d03f.png?tr=f-auto,src/pages/ProfilePage.tsx:56
avatar,ui/avatar/5.webp,https://ik.imagekit.io/rbok01qam/Avatar%20Img/d3b603ce-d092-4cfb-9456-fe6ad6fae24b.png?tr=f-auto,src/pages/ProfilePage.tsx:57
avatar,ui/avatar/6.webp,https://ik.imagekit.io/rbok01qam/Avatar%20Img/45afb939-e53a-4a93-bda0-59e186268be1.png?tr=f-auto,src/pages/ProfilePage.tsx:58
avatar,ui/avatar/7.webp,https://ik.imagekit.io/rbok01qam/Avatar%20Img/2dfcec40-17c8-430d-8f67-6ecdcfb52d0e.png?tr=f-auto,src/pages/ProfilePage.tsx:59
avatar,ui/avatar/8.webp,https://ik.imagekit.io/rbok01qam/Avatar%20Img/86990cae-637f-4af0-bd8a-990acbb53ce7.png?tr=f-auto,src/pages/ProfilePage.tsx:60
avatar,ui/avatar/9.webp,https://ik.imagekit.io/rbok01qam/Avatar%20Img/8741cb28-1221-40f3-9201-d5995b1c2f40.png?tr=f-auto,src/pages/ProfilePage.tsx:61
badge,ui/badge/hot.gif,https://ik.imagekit.io/5rkqceora/New%20Folder/df7db5b0-86e0-11f1-98d7-67ad71c9bb73.gif?tr=f-auto,src/components/game/GameCard.tsx:128
banner,ui/banner/1.webp,https://ik.imagekit.io/5rkqceora/New%20Folder/IMG_20260724_062518.png?tr=f-auto,src/hooks/useDisplayAssets.ts:24
banner,ui/banner/2.webp,https://ik.imagekit.io/5rkqceora/New%20Folder/file_000000003afc81fbae7c2646d6b1c066.png?tr=f-auto,src/hooks/useDisplayAssets.ts:25
banner,ui/banner/3.webp,https://ik.imagekit.io/5rkqceora/New%20Folder/file_0000000007f88207bb8371a5431b2a56.png?tr=f-auto,src/hooks/useDisplayAssets.ts:26
brand,ui/brand/logo.webp,https://ik.imagekit.io/5rkqceora/New%20Folder/file_0000000060bc720b9f1f41ab071e4a07.png?tr=f-auto,src/hooks/useDisplayAssets.ts:21; src/pages/ProfilePage.tsx:42
category-icon,ui/category/arcade.gif,https://ik.imagekit.io/xxgmkov9d/New%20Folder/375f3fd0-8ce3-11f1-b3d5-0785f5246ed2.gif?tr=f-auto,src/lib/categoryIcons.tsx:15
category-icon,ui/category/fishing.gif,https://ik.imagekit.io/xxgmkov9d/New%20Folder/c1a3efc0-8ce2-11f1-968c-01c815938387.gif?tr=f-auto,src/components/layout/Sidebar.tsx:49; src/lib/categoryIcons.tsx:13
category-icon,ui/category/hot.gif,https://ik.imagekit.io/xxgmkov9d/New%20Folder/fa660930-8ce0-11f1-b824-19a0fa3cbdca.gif?tr=f-auto,src/components/layout/Sidebar.tsx:47; src/lib/categoryIcons.tsx:11
category-icon,ui/category/live-casino.webp,https://ik.imagekit.io/xxgmkov9d/New%20Folder/a1da3d41196d2650c9abe37338ed3144.jpg?tr=f-auto,src/components/layout/Sidebar.tsx:50; src/lib/categoryIcons.tsx:14
category-icon,ui/category/slots.gif,https://ik.imagekit.io/xxgmkov9d/New%20Folder/15196780-8ce2-11f1-968c-01c815938387.gif?tr=f-auto,src/components/layout/Sidebar.tsx:48; src/lib/categoryIcons.tsx:12
footer,ui/footer/banking-label.webp,https://ik.imagekit.io/5rkqceora/New%20Folder/BANKING-txt%20(1,src/components/layout/Footer.tsx:31
footer,ui/footer/kbzpay-label.webp,https://ik.imagekit.io/5rkqceora/New%20Folder/KBZPAY-txt%20(1,src/components/layout/Footer.tsx:33
footer,ui/footer/wavemoney-label.webp,https://ik.imagekit.io/5rkqceora/New%20Folder/WAVEMONEY-txt%20(1,src/components/layout/Footer.tsx:32
jackpot,ui/jackpot/chance-icon.webp,https://ik.imagekit.io/5rkqceora/New%20Folder/chance-open.webp,src/components/game/StatsDisplay.tsx:9
misc,ui/misc/recent-winners-header.gif,https://ik.imagekit.io/gzx8v6evk/New%20Folder/a12ef150-923b-11f1-b028-052ac88a0cbd.gif?tr=f-auto,src/hooks/useDisplayAssets.ts:41
payment,ui/payment/ayabank.webp,https://ik.imagekit.io/5rkqceora/New%20Folder/b349dc4f29181bec2045c678d1923083.jpg?tr=f-auto,src/data/payments.ts:9
payment,ui/payment/btc.webp,https://ik.imagekit.io/5rkqceora/New%20Folder/ffacd40e57316436a752ecf1224fb94e.jpg?tr=f-auto,src/data/payments.ts:11
payment,ui/payment/kbzbank.webp,https://ik.imagekit.io/5rkqceora/New%20Folder/2702245a8073616158c8f6ee598a60d4.jpg?tr=f-auto,src/data/payments.ts:10
payment,ui/payment/kbzpay.webp,https://ik.imagekit.io/5rkqceora/New%20Folder/f9ee263c-024a-4e2e-9d5b-6f5918aeb8a6%20(1,src/data/payments.ts:6
payment,ui/payment/uabpay.webp,https://ik.imagekit.io/5rkqceora/New%20Folder/1781076796857.jpeg?tr=f-auto,src/data/payments.ts:8
payment,ui/payment/usdt.webp,https://ik.imagekit.io/xxgmkov9d/New%20Folder/61e20ad43bafe0ca2b7ada87f1792a4c.jpg?tr=f-auto,src/data/payments.ts:3
payment,ui/payment/wavepay.webp,https://ik.imagekit.io/5rkqceora/New%20Folder/7ff494f1-3a7c-4583-82a7-3bfca145e852%20(1,src/data/payments.ts:7
profile,ui/profile/icon-agent.webp,https://ik.imagekit.io/rbok01qam/Custom%20icons%20img/style_6_icon_list_fxzq.avif?updatedAt=1780926787711&tr=f-auto,src/pages/ProfilePage.tsx:1031
profile,ui/profile/icon-daily-checkin.webp,https://ik.imagekit.io/rbok01qam/Custom%20icons%20img/style_6_icon_list_mrqd.avif?updatedAt=1780926787645&tr=f-auto,src/pages/ProfilePage.tsx:1053
profile,ui/profile/icon-lucky-draw.webp,https://ik.imagekit.io/rbok01qam/Custom%20icons%20img/style_6_icon_list_kyd.avif?updatedAt=1780926787634&tr=f-auto,src/pages/ProfilePage.tsx:1036
profile,ui/profile/icon-my-records.webp,https://ik.imagekit.io/rbok01qam/Custom%20icons%20img/style_6_icon_list_zdjl.avif?updatedAt=1780926787548&tr=f-auto,src/pages/ProfilePage.tsx:931
profile,ui/profile/icon-withdraw-mgmt.webp,https://ik.imagekit.io/rbok01qam/Custom%20icons%20img/style_6_icon_list_txgl.avif?updatedAt=1780926787637&tr=f-auto,src/pages/ProfilePage.tsx:944
promo-card,ui/promo/daily-bonus.webp,https://ik.imagekit.io/5rkqceora/New%20Folder/file_00000000fed472078937c502c5ec0280.png?tr=f-auto,src/data/promoCards.ts:14
promo-card,ui/promo/exchange-code.webp,https://ik.imagekit.io/5rkqceora/New%20Folder/file_00000000ecc471fa808690c209078cb2.png?tr=f-auto,src/data/promoCards.ts:13
promo-card,ui/promo/lucky-draw.webp,https://ik.imagekit.io/5rkqceora/New%20Folder/file_00000000ff687207b9c23e94d6798cfc.png?tr=f-auto,src/data/promoCards.ts:16
promo-card,ui/promo/member-day.webp,https://ik.imagekit.io/5rkqceora/New%20Folder/file_00000000c89471fab07eb57dabbb7434.png?tr=f-auto,src/data/promoCards.ts:15
provider-logo,ui/provider/jdb-logo.webp,https://ik.imagekit.io/5rkqceora/New%20Folder/JDB-logo.webp?tr=f-auto,src/components/layout/Footer.tsx:23; src/hooks/useDisplayAssets.ts:34; src/pages/HomePage.tsx:52
provider-logo,ui/provider/jili-logo.webp,https://ik.imagekit.io/5rkqceora/New%20Folder/JILI-logo.webp?tr=f-auto,src/components/layout/Footer.tsx:24; src/hooks/useDisplayAssets.ts:35; src/pages/HomePage.tsx:50
provider-logo,ui/provider/pg-logo.webp,https://ik.imagekit.io/5rkqceora/New%20Folder/POCKET-logo.webp?tr=f-auto,src/components/layout/Footer.tsx:21; src/hooks/useDisplayAssets.ts:32; src/pages/HomePage.tsx:51
provider-logo,ui/provider/pp-logo.webp,https://ik.imagekit.io/5rkqceora/New%20Folder/PP-logo.webp?tr=f-auto,src/components/layout/Footer.tsx:22; src/hooks/useDisplayAssets.ts:33; src/pages/HomePage.tsx:49
quicklinks,ui/quicklinks/checkin-btn.webp,https://ik.imagekit.io/5rkqceora/New%20Folder/checkInBtn-R.webp?tr=f-auto,src/components/layout/FloatingQuickLinks.tsx:18
quicklinks,ui/quicklinks/floating-icon.webp,https://ik.imagekit.io/xxgmkov9d/New%20Folder/2028706161105256449.avif?tr=f-auto,src/components/layout/FloatingQuickLinks.tsx:20
quicklinks,ui/quicklinks/marketing-medium.webp,https://ik.imagekit.io/5rkqceora/New%20Folder/marketing_medium_dx_2_15%20(1,src/components/layout/FloatingQuickLinks.tsx:16
referral,ui/referral/instant-challenge-title.webp,https://ik.imagekit.io/xxgmkov9d/New%20Folder/Instant-Challenge-title.webp?tr=f-auto,src/pages/ProfilePage.tsx:1312
referral,ui/referral/locked-tier-icon.webp,https://ik.imagekit.io/xxgmkov9d/New%20Folder/goldbox-s.webp?tr=f-auto,src/pages/ProfilePage.tsx:1342
social,ui/social/facebook-icon.webp,https://ik.imagekit.io/tdpebgueq/Agent_Tap_icons/5bb0f73a7b3e0f976acad614a42e5040.jpg?tr=f-auto,src/pages/ProfilePage.tsx:1418
social,ui/social/telegram-icon.webp,https://ik.imagekit.io/tdpebgueq/icons/telegram_logo_QeWRW9-okP.png?tr=f-auto,src/pages/ProfilePage.tsx:1419; src/pages/ProfilePage.tsx:49
social,ui/social/whatsapp-icon.webp,https://ik.imagekit.io/tdpebgueq/Agent_Tap_icons/89dc6e632241379c113adf1bb70ecdb3.jpg?tr=f-auto,src/pages/ProfilePage.tsx:1417
spinwheel,ui/spinwheel/coin.webp,https://ik.imagekit.io/rbok01qam/Custom%20icons%20img/download.png?tr=f-auto,src/components/layout/SpinWheelModal.tsx:85
spinwheel,ui/spinwheel/ring.webp,https://ik.imagekit.io/rbok01qam/Custom%20icons%20img/xkyd_zp_03_2.avif?tr=f-auto,src/components/layout/SpinWheelModal.tsx:84
spinwheel,ui/spinwheel/task-icon.webp,https://ik.imagekit.io/5rkqceora/New%20Folder/xkyd_zpcs.avif?tr=f-auto,src/components/layout/SpinWheelModal.tsx:83
spinwheel,ui/spinwheel/win.gif,https://ik.imagekit.io/xxgmkov9d/New%20Folder/750af4b0-90a2-11f1-bc06-0766dc234dad.gif?tr=f-auto,src/components/layout/SpinWheelModal.tsx:90
support,ui/support/live-chat-icon.webp,https://ik.imagekit.io/gzx8v6evk/50fe8e00-d5f4-47ce-a6b3-8788f7bb5e17.png?tr=f-auto,src/pages/ProfilePage.tsx:1811
support,ui/support/telegram-icon.webp,https://ik.imagekit.io/5rkqceora/New%20Folder/icon_im_telegram.avif?tr=f-auto,src/components/layout/AppDownloadBanner.tsx:10; src/hooks/useSupportLinks.ts:34
support,ui/support/viber-avatar.webp,https://ik.imagekit.io/xxgmkov9d/New%20Folder/5f5604d2-302e-43c9-8488-80f38187c8fc.png?tr=f-auto,src/hooks/useSupportLinks.ts:37
vip-badge,ui/vip/0.webp,https://ik.imagekit.io/rbok01qam/VIP%20LEVEL%20img/62cf696c-b2f6-4a6c-acd5-501c79dc2f50.png?tr=f-auto,src/pages/PromotionPage.tsx:17
vip-badge,ui/vip/1.webp,https://ik.imagekit.io/rbok01qam/VIP%20LEVEL%20img/dfeb825d-6f63-46f5-a3ea-b472f4ddaff1.png?tr=f-auto,src/pages/PromotionPage.tsx:18
vip-badge,ui/vip/10.webp,https://ik.imagekit.io/rbok01qam/VIP%20LEVEL%20img/18beaa06-1041-4220-85fa-8c799f5d3cea.png?tr=f-auto,src/pages/PromotionPage.tsx:27
vip-badge,ui/vip/11.webp,https://ik.imagekit.io/rbok01qam/VIP%20LEVEL%20img/bf8eac00-9ce9-44cd-892e-4329fcb5db37.png?tr=f-auto,src/pages/PromotionPage.tsx:28
vip-badge,ui/vip/12.webp,https://ik.imagekit.io/rbok01qam/VIP%20LEVEL%20img/1ebae457-e6ca-4903-9380-6d3fddc7ef93.png?tr=f-auto,src/pages/PromotionPage.tsx:29
vip-badge,ui/vip/13.webp,https://ik.imagekit.io/rbok01qam/VIP%20LEVEL%20img/a9fb8c9e-43d0-48cf-9040-8ff3e3f4525b.png?tr=f-auto,src/pages/PromotionPage.tsx:30
vip-badge,ui/vip/14.webp,https://ik.imagekit.io/rbok01qam/VIP%20LEVEL%20img/68473b49-14ef-4207-8c18-2dd667e33c92.png?tr=f-auto,src/pages/PromotionPage.tsx:31
vip-badge,ui/vip/15.webp,https://ik.imagekit.io/rbok01qam/VIP%20LEVEL%20img/e5d4fffd-731a-416c-85a4-058aa9a989b3.png?tr=f-auto,src/pages/PromotionPage.tsx:32
vip-badge,ui/vip/16.webp,https://ik.imagekit.io/rbok01qam/VIP%20LEVEL%20img/a3fa5319-a6c0-43ff-93fc-e861919ed7cf.png?tr=f-auto,src/pages/PromotionPage.tsx:33
vip-badge,ui/vip/17.webp,https://ik.imagekit.io/rbok01qam/VIP%20LEVEL%20img/21ad6d6e-1c52-4c68-be68-a593e9ea0c38.png?tr=f-auto,src/pages/PromotionPage.tsx:34
vip-badge,ui/vip/18.webp,https://ik.imagekit.io/rbok01qam/VIP%20LEVEL%20img/780d34db-de12-4f55-a8a5-bf768b5e9716.png?tr=f-auto,src/pages/PromotionPage.tsx:35
vip-badge,ui/vip/19.webp,https://ik.imagekit.io/rbok01qam/VIP%20LEVEL%20img/8b58a700-e2a2-4f32-8ce6-2dcba1ff77fe.png?tr=f-auto,src/pages/PromotionPage.tsx:36
vip-badge,ui/vip/2.webp,https://ik.imagekit.io/rbok01qam/VIP%20LEVEL%20img/5ea5657f-9a07-41a9-b869-9dee36f5b805.png?tr=f-auto,src/pages/PromotionPage.tsx:19
vip-badge,ui/vip/20.webp,https://ik.imagekit.io/rbok01qam/VIP%20LEVEL%20img/41f6de69-c5a4-49e5-ba7f-aabad40992ce.png?tr=f-auto,src/pages/PromotionPage.tsx:37
vip-badge,ui/vip/21.webp,https://ik.imagekit.io/rbok01qam/VIP%20LEVEL%20img/b753262e-c102-4bb4-8968-2c9112c2c2b6.png?tr=f-auto,src/pages/PromotionPage.tsx:38
vip-badge,ui/vip/22.webp,https://ik.imagekit.io/rbok01qam/VIP%20LEVEL%20img/2090bb15-c391-4a02-8e20-fe2e39e137d5.png?tr=f-auto,src/pages/PromotionPage.tsx:39
vip-badge,ui/vip/23.webp,https://ik.imagekit.io/rbok01qam/VIP%20LEVEL%20img/7eefc194-21fa-4f23-8a5d-48d68f377a6a.png?tr=f-auto,src/pages/PromotionPage.tsx:40
vip-badge,ui/vip/24.webp,https://ik.imagekit.io/rbok01qam/VIP%20LEVEL%20img/5407e2c4-5b05-44a0-be30-d5fdb7e356a4.png?tr=f-auto,src/pages/PromotionPage.tsx:41
vip-badge,ui/vip/25.webp,https://ik.imagekit.io/rbok01qam/VIP%20LEVEL%20img/ea639c2d-377f-4880-be1e-5563f3153ae8.png?tr=f-auto,src/pages/PromotionPage.tsx:42
vip-badge,ui/vip/26.webp,https://ik.imagekit.io/rbok01qam/VIP%20LEVEL%20img/d9945bd5-0e81-42b1-9ea0-36b8537fa2e6.png?tr=f-auto,src/pages/PromotionPage.tsx:43
vip-badge,ui/vip/27.webp,https://ik.imagekit.io/rbok01qam/VIP%20LEVEL%20img/0c0238d0-5dda-4cb1-9e3d-8042e704c7af.png?tr=f-auto,src/pages/PromotionPage.tsx:44
vip-badge,ui/vip/28.webp,https://ik.imagekit.io/rbok01qam/VIP%20LEVEL%20img/92d93b41-5ceb-4b50-ba94-bf91403994b7.png?tr=f-auto,src/pages/PromotionPage.tsx:45
vip-badge,ui/vip/29.webp,https://ik.imagekit.io/rbok01qam/VIP%20LEVEL%20img/be721faa-9624-444b-ac25-5e0711b4ef5a.png?tr=f-auto,src/pages/PromotionPage.tsx:46
vip-badge,ui/vip/3.webp,https://ik.imagekit.io/rbok01qam/VIP%20LEVEL%20img/47c06c9b-32d2-4906-8cd2-7277f32c64a2.png?tr=f-auto,src/pages/PromotionPage.tsx:20
vip-badge,ui/vip/30.webp,https://ik.imagekit.io/rbok01qam/VIP%20LEVEL%20img/8c45b901-1807-4eb2-8d60-66b5a8b4f22d.png?tr=f-auto,src/pages/PromotionPage.tsx:47
vip-badge,ui/vip/31.webp,https://ik.imagekit.io/rbok01qam/VIP%20LEVEL%20img/eb64a0ba-4ee1-4e1e-8147-12c335529474.png?tr=f-auto,src/pages/PromotionPage.tsx:48
vip-badge,ui/vip/32.webp,https://ik.imagekit.io/rbok01qam/VIP%20LEVEL%20img/3e7b77a3-1ebf-4ca9-9099-f3a25c4e2522.png?tr=f-auto,src/pages/PromotionPage.tsx:49
vip-badge,ui/vip/33.webp,https://ik.imagekit.io/rbok01qam/VIP%20LEVEL%20img/d2cba07a-e01f-4636-8695-105d68492316.png?tr=f-auto,src/pages/PromotionPage.tsx:50
vip-badge,ui/vip/34.webp,https://ik.imagekit.io/rbok01qam/VIP%20LEVEL%20img/bf5407bb-45d5-491b-9ba9-c8f18d0db49c.png?tr=f-auto,src/pages/PromotionPage.tsx:51
vip-badge,ui/vip/35.webp,https://ik.imagekit.io/rbok01qam/VIP%20LEVEL%20img/fcfc7c26-0be4-4f08-b484-51644ce0235b.png?tr=f-auto,src/pages/PromotionPage.tsx:52
vip-badge,ui/vip/36.webp,https://ik.imagekit.io/rbok01qam/VIP%20LEVEL%20img/18d9f6e0-57eb-483f-913b-4cef2d062853.png?tr=f-auto,src/pages/PromotionPage.tsx:53
vip-badge,ui/vip/37.webp,https://ik.imagekit.io/rbok01qam/VIP%20LEVEL%20img/81423c38-af50-4aab-aa0d-d3c389876191.png?tr=f-auto,src/pages/PromotionPage.tsx:54
vip-badge,ui/vip/38.webp,https://ik.imagekit.io/rbok01qam/VIP%20LEVEL%20img/9a061855-2795-45b3-b3a8-32b237d07def.png?tr=f-auto,src/pages/PromotionPage.tsx:55
vip-badge,ui/vip/39.webp,https://ik.imagekit.io/rbok01qam/VIP%20LEVEL%20img/949f7f5d-cbb8-4f32-aebf-738e3c89f1c9.png?tr=f-auto,src/pages/PromotionPage.tsx:56
vip-badge,ui/vip/4.webp,https://ik.imagekit.io/rbok01qam/VIP%20LEVEL%20img/a563b371-a36b-4456-97b8-40bc9e1590e2.png?tr=f-auto,src/pages/PromotionPage.tsx:21
vip-badge,ui/vip/40.webp,https://ik.imagekit.io/rbok01qam/VIP%20LEVEL%20img/8f262c5a-b2df-4bb9-a9b9-186fb8fcb066.png?tr=f-auto,src/pages/PromotionPage.tsx:57
vip-badge,ui/vip/41.webp,https://ik.imagekit.io/rbok01qam/VIP%20LEVEL%20img/28fd9140-7172-48ce-8172-4bc0efeaab26.png?tr=f-auto,src/pages/PromotionPage.tsx:58
vip-badge,ui/vip/42.webp,https://ik.imagekit.io/rbok01qam/VIP%20LEVEL%20img/85a9a1ea-c9a1-4c9a-b1ff-2f9dcbe2cc51.png?tr=f-auto,src/pages/PromotionPage.tsx:59
vip-badge,ui/vip/43.webp,https://ik.imagekit.io/rbok01qam/VIP%20LEVEL%20img/08173b03-2b76-4fce-ad74-787e9452d165.png?tr=f-auto,src/pages/PromotionPage.tsx:60
vip-badge,ui/vip/44.webp,https://ik.imagekit.io/rbok01qam/VIP%20LEVEL%20img/73b9210c-6cb4-4551-b45e-ae8cf66996e3.png?tr=f-auto,src/pages/PromotionPage.tsx:61
vip-badge,ui/vip/45.webp,https://ik.imagekit.io/rbok01qam/VIP%20LEVEL%20img/68b91b29-cac8-4895-805d-e8d2fed83986.png?tr=f-auto,src/pages/PromotionPage.tsx:62
vip-badge,ui/vip/46.webp,https://ik.imagekit.io/rbok01qam/VIP%20LEVEL%20img/f0689f9a-3aae-4e3a-a26a-0152e37787e8.png?tr=f-auto,src/pages/PromotionPage.tsx:63
vip-badge,ui/vip/47.webp,https://ik.imagekit.io/rbok01qam/VIP%20LEVEL%20img/73972439-0db5-47e6-9b84-b0ddf392fc9b.png?tr=f-auto,src/pages/PromotionPage.tsx:64
vip-badge,ui/vip/48.webp,https://ik.imagekit.io/rbok01qam/VIP%20LEVEL%20img/406edfe8-9ecc-4e1e-9d30-49f03d657ca4.png?tr=f-auto,src/pages/PromotionPage.tsx:65
vip-badge,ui/vip/49.webp,https://ik.imagekit.io/rbok01qam/VIP%20LEVEL%20img/e090fa8b-f145-4fa1-a3c5-7c68fb4a0fd4.png?tr=f-auto,src/pages/PromotionPage.tsx:66
vip-badge,ui/vip/5.webp,https://ik.imagekit.io/rbok01qam/VIP%20LEVEL%20img/dfc63a7f-b27b-441a-9d6e-8668769a5aca.png?tr=f-auto,src/pages/PromotionPage.tsx:22
vip-badge,ui/vip/50.webp,https://ik.imagekit.io/rbok01qam/VIP%20LEVEL%20img/c04a5850-3b58-438c-ba03-1b99c2a59eeb.png?tr=f-auto,src/pages/PromotionPage.tsx:67
vip-badge,ui/vip/6.webp,https://ik.imagekit.io/rbok01qam/VIP%20LEVEL%20img/e000c280-1c1f-46a7-bb6d-3a73c0f17e2c.png?tr=f-auto,src/pages/PromotionPage.tsx:23
vip-badge,ui/vip/7.webp,https://ik.imagekit.io/rbok01qam/VIP%20LEVEL%20img/b577b877-aa6a-45c5-a7dc-0a6e57532bed.png?tr=f-auto,src/pages/PromotionPage.tsx:24
vip-badge,ui/vip/8.webp,https://ik.imagekit.io/rbok01qam/VIP%20LEVEL%20img/b09d940f-6292-4638-9c03-93de174f5a9e.png?tr=f-auto,src/pages/PromotionPage.tsx:25
vip-badge,ui/vip/9.webp,https://ik.imagekit.io/rbok01qam/VIP%20LEVEL%20img/232e445e-3638-40af-bdb2-6e15aedc739a.png?tr=f-auto,src/pages/PromotionPage.tsx:26
